Afghanistan,Flag_of_Afghanistan.svg,https://upload.wikimedia.org/wikipedia/commons/9/9a/Flag_of_Afghanistan.svg,Afghanistan,Kabul,Asia,Afghanestan
Albania,Flag_of_Albania.svg,https://upload.wikimedia.org/wikipedia/commons/3/36/Flag_of_Albania.svg,Albania,Tirana,Europe,Shqipëria
Algeria,Flag_of_Algeria.svg,https://upload.wikimedia.org/wikipedia/commons/7/77/Flag_of_Algeria.svg,Algeria,Algiers,Africa,Dzayer  / Al-Jazā'ir
Andorra,Flag_of_Andorra.svg,https://upload.wikimedia.org/wikipedia/commons/1/19/Flag_of_Andorra.svg,Andorra,Andorra la Vella,Europe,
Angola,Flag_of_Angola.svg,https://upload.wikimedia.org/wikipedia/commons/9/9d/Flag_of_Angola.svg,Angola,Luanda,Africa,
Antigua and Barbuda,Flag_of_Antigua_and_Barbuda.svg,https://upload.wikimedia.org/wikipedia/commons/8/89/Flag_of_Antigua_and_Barbuda.svg,Antigua and Barbuda,Saint John's,North America,
Argentina,Flag_of_Argentina.svg,https://upload.wikimedia.org/wikipedia/commons/1/1a/Flag_of_Argentina.svg,Argentina,Buenos Aires,South America,
Armenia,Flag_of_Armenia.svg,https://upload.wikimedia.org/wikipedia/commons/2/2f/Flag_of_Armenia.svg,Armenia,Yerevan,Europe,Hayastán
Australia,Flag_of_Australia_%28converted%29.svg,https://upload.wikimedia.org/wikipedia/commons/8/88/Flag_of_Australia_%28converted%29.svg,Australia,Canberra,Australia,
Austria,Flag_of_Austria.svg,https://upload.wikimedia.org/wikipedia/commons/4/41/Flag_of_Austria.svg,Austria,Vienna,Europe,Österreich
Azerbaijan,Flag_of_Azerbaijan.svg,https://upload.wikimedia.org/wikipedia/commons/d/dd/Flag_of_Azerbaijan.svg,Azerbaijan,Baku,Europe,Azərbaycan
Bahamas,Flag_of_the_Bahamas.svg,https://upload.wikimedia.org/wikipedia/commons/9/93/Flag_of_the_Bahamas.svg,Bahamas,Nassau,North America,
Bahrain,Flag_of_Bahrain.svg,https://upload.wikimedia.org/wikipedia/commons/2/2c/Flag_of_Bahrain.svg,Bahrain,Manama,Asia,Al-Baḥrayn
Bangladesh,Flag_of_Bangladesh.svg,https://upload.wikimedia.org/wikipedia/commons/f/f9/Flag_of_Bangladesh.svg,Bangladesh,Dhaka,Asia,
Barbados,Flag_of_Barbados.svg,https://upload.wikimedia.org/wikipedia/commons/e/ef/Flag_of_Barbados.svg,Barbados,Bridgetown,North America,
Belarus,Flag_of_Belarus.svg,https://upload.wikimedia.org/wikipedia/commons/8/85/Flag_of_Belarus.svg,Belarus,Minsk,Europe,Bielaruś
Belgium,Flag_of_Belgium_%28civil%29.svg,https://upload.wikimedia.org/wikipedia/commons/9/92/Flag_of_Belgium_%28civil%29.svg,Belgium,Brussels,Europe,België / Belgique / Belgien
Belize,Flag_of_Belize.svg,https://upload.wikimedia.org/wikipedia/commons/e/e7/Flag_of_Belize.svg,Belize,Belmopan,Central America,
Benin,Flag_of_Benin.svg,https://upload.wikimedia.org/wikipedia/commons/0/0a/Flag_of_Benin.svg,Benin,Porto-Novo,Africa,
Bhutan,Flag_of_Bhutan.svg,https://upload.wikimedia.org/wikipedia/commons/9/91/Flag_of_Bhutan.svg,Bhutan,Thimphu,Asia,Druk Yul
Bolivia,Flag_of_Bolivia.svg,https://upload.wikimedia.org/wikipedia/commons/4/48/Flag_of_Bolivia.svg,Bolivia,La Paz,South America,Buliwya / Wuliwya / Volívia
Bosnia and Herzegovina,Flag_of_Bosnia_and_Herzegovina.svg,https://upload.wikimedia.org/wikipedia/commons/b/bf/Flag_of_Bosnia_and_Herzegovina.svg,Bosnia and Herzegovina,Sarajevo,Europe,
Botswana,Flag_of_Botswana.svg,https://upload.wikimedia.org/wikipedia/commons/f/fa/Flag_of_Botswana.svg,Botswana,Gaborone,Africa,
Brazil,Flag_of_Brazil.svg,https://upload.wikimedia.org/wikipedia/en/0/05/Flag_of_Brazil.svg,Brazil,Brasilia,South America,
Brunei,Flag_of_Brunei.svg,https://upload.wikimedia.org/wikipedia/commons/9/9c/Flag_of_Brunei.svg,Brunei Darussalam,Bandar Seri Begawan,Asia,
Bulgaria,Flag_of_Bulgaria.svg,https://upload.wikimedia.org/wikipedia/commons/9/9a/Flag_of_Bulgaria.svg,Bulgaria,Sofia,Europe,Bulgariya / Bălgarija
Burkina Faso,Flag_of_Burkina_Faso.svg,https://upload.wikimedia.org/wikipedia/commons/3/31/Flag_of_Burkina_Faso.svg,Burkina Faso,Ouagadougou,Africa,
Burundi,Flag_of_Burundi.svg,https://upload.wikimedia.org/wikipedia/commons/5/50/Flag_of_Burundi.svg,Burundi,Bujumbura,Africa,Uburundi
Cambodia,Flag_of_Cambodia.svg,https://upload.wikimedia.org/wikipedia/commons/8/83/Flag_of_Cambodia.svg,Cambodia,Phnom Penh,Asia,Kampuchea
Cameroon,Flag_of_Cameroon.svg,https://upload.wikimedia.org/wikipedia/commons/4/4f/Flag_of_Cameroon.svg,Cameroon,Yaounde,Africa,
Canada,Flag_of_Canada.svg,https://upload.wikimedia.org/wikipedia/en/c/cf/Flag_of_Canada.svg,Canada,Ottawa,Central America,
Cape Verde,Flag_of_Cape_Verde.svg,https://upload.wikimedia.org/wikipedia/commons/3/38/Flag_of_Cape_Verde.svg,Cape Verde,Praia,Africa,Cabo Verde
Central African Republic,Flag_of_the_Central_African_Republic.svg,https://upload.wikimedia.org/wikipedia/commons/6/6f/Flag_of_the_Central_African_Republic.svg,Central African Republic,Bangui,Africa,République Centrafricaine / Ködörösêse tî Bêafrîka
Chad,Flag_of_Chad.svg,https://upload.wikimedia.org/wikipedia/commons/4/4b/Flag_of_Chad.svg,Chad,N'Djamena,Africa,Tchad / Tšād
Chile,Flag_of_Chile.svg,https://upload.wikimedia.org/wikipedia/commons/7/78/Flag_of_Chile.svg,Chile,Santiago,South America,
China,Flag_of_the_People%27s_Republic_of_China.svg,https://upload.wikimedia.org/wikipedia/commons/f/fa/Flag_of_the_People%27s_Republic_of_China.svg,China,Beijing,Asia,Zhōngguó
Colombia,Flag_of_Colombia.svg,https://upload.wikimedia.org/wikipedia/commons/2/21/Flag_of_Colombia.svg,Colombia,Bogota,South America,
Comoros,Flag_of_the_Comoros.svg,https://upload.wikimedia.org/wikipedia/commons/9/94/Flag_of_the_Comoros.svg,Comoros,Moroni,Africa,Komori / Juzur al-Qamar / Comores
Democratic Republic of Congo,Flag_of_the_Democratic_Republic_of_the_Congo.svg,https://upload.wikimedia.org/wikipedia/commons/6/6f/Flag_of_the_Democratic_Republic_of_the_Congo.svg,Democratic Republic of the Congo,Kinshasa,Africa,Republíki ya Kongó
Republic of Congo,Flag_of_the_Republic_of_the_Congo.svg,https://upload.wikimedia.org/wikipedia/commons/9/92/Flag_of_the_Republic_of_the_Congo.svg,Republic of Congo,Brazzaville,Africa,République démocratique du Congo
Costa Rica,Flag_of_Costa_Rica.svg,https://upload.wikimedia.org/wikipedia/commons/f/f2/Flag_of_Costa_Rica.svg,Costa Rica,San Jose,Central America,
Croatia,Flag_of_Croatia.svg,https://upload.wikimedia.org/wikipedia/commons/1/1b/Flag_of_Croatia.svg,Croatia,Zagreb,Europe,
Cuba,Flag_of_Cuba.svg,https://upload.wikimedia.org/wikipedia/commons/b/bd/Flag_of_Cuba.svg,Cuba,Havana,North America,
Cyprus,Flag_of_Cyprus.svg,https://upload.wikimedia.org/wikipedia/commons/d/d4/Flag_of_Cyprus.svg,Cyprus,Nicosia,Europe,Kypros / Kıbrıs
Czech Republic,Flag_of_the_Czech_Republic.svg,https://upload.wikimedia.org/wikipedia/commons/c/cb/Flag_of_the_Czech_Republic.svg,Czech Republic,Prague,Europe,Česká republika
Denmark,Flag_of_Denmark.svg,https://upload.wikimedia.org/wikipedia/commons/9/9c/Flag_of_Denmark.svg,Denmark,Copenhagen,Europe,
Djibouti,Flag_of_Djibouti.svg,https://upload.wikimedia.org/wikipedia/commons/3/34/Flag_of_Djibouti.svg,Djibouti,Djibouti,Africa,
Dominica,Flag_of_Dominica.svg,https://upload.wikimedia.org/wikipedia/commons/c/c4/Flag_of_Dominica.svg,Dominica,Roseau,North America,
Dominican Republic,Flag_of_the_Dominican_Republic.svg,https://upload.wikimedia.org/wikipedia/commons/9/9f/Flag_of_the_Dominican_Republic.svg,Dominican Republic,Santo Domingo,North America,República Dominicana
East Timor,Flag_of_East_Timor.svg,https://upload.wikimedia.org/wikipedia/commons/2/26/Flag_of_East_Timor.svg,Timor-Leste,Dili,Asia,Timor Lorosa'e / Timor-Leste
Ecuador,Flag_of_Ecuador.svg,https://upload.wikimedia.org/wikipedia/commons/e/e8/Flag_of_Ecuador.svg,Ecuador,Quito,South America,
Egypt,Flag_of_Egypt.svg,https://upload.wikimedia.org/wikipedia/commons/f/fe/Flag_of_Egypt.svg,Egypt,Cairo,Africa,Misr / Masr
El Salvador,Flag_of_El_Salvador.svg,https://upload.wikimedia.org/wikipedia/commons/3/34/Flag_of_El_Salvador.svg,El Salvador,San Salvador,Central America,
Equatorial Guinea,Flag_of_Equatorial_Guinea.svg,https://upload.wikimedia.org/wikipedia/commons/3/31/Flag_of_Equatorial_Guinea.svg,Equatorial Guinea,Malabo,Africa,Guiné Equatorial
Eritrea,Flag_of_Eritrea.svg,https://upload.wikimedia.org/wikipedia/commons/2/29/Flag_of_Eritrea.svg,Eritrea,Asmara,Africa,Iritriya / Ertra
Estonia,Flag_of_Estonia.svg,https://upload.wikimedia.org/wikipedia/commons/8/8f/Flag_of_Estonia.svg,Estonia,Tallinn,Europe,Eesti
Eswatini,Flag_of_Swaziland.svg,https://upload.wikimedia.org/wikipedia/commons/1/1e/Flag_of_Swaziland.svg,Eswatini,Mbabane,Africa,
Ethiopia,Flag_of_Ethiopia.svg,https://upload.wikimedia.org/wikipedia/commons/7/71/Flag_of_Ethiopia.svg,Ethiopia,Addis Ababa,Africa,Ityop'ia
Fiji,Flag_of_Fiji.svg,https://upload.wikimedia.org/wikipedia/commons/b/ba/Flag_of_Fiji.svg,Fiji,Suva,Australia,Viti
Finland,Flag_of_Finland.svg,https://upload.wikimedia.org/wikipedia/commons/b/bc/Flag_of_Finland.svg,Finland,Helsinki,Europe,Suomi
France,Flag_of_France.svg,https://upload.wikimedia.org/wikipedia/en/c/c3/Flag_of_France.svg,France,Paris,Europe,
Gabon,Flag_of_Gabon.svg,https://upload.wikimedia.org/wikipedia/commons/0/04/Flag_of_Gabon.svg,Gabon,Libreville,Africa,République gabonaise
The Gambia,Flag_of_The_Gambia.svg,https://upload.wikimedia.org/wikipedia/commons/7/77/Flag_of_The_Gambia.svg,The Gambia,Banjul,Africa,
Georgia,Flag_of_Georgia.svg,https://upload.wikimedia.org/wikipedia/commons/0/0f/Flag_of_Georgia.svg,Georgia,Tbilisi,Europe,Sak'art'velo
Germany,Flag_of_Germany.svg,https://upload.wikimedia.org/wikipedia/en/b/ba/Flag_of_Germany.svg,Germany,Berlin,Europe,Deutschland
Ghana,Flag_of_Ghana.svg,https://upload.wikimedia.org/wikipedia/commons/1/19/Flag_of_Ghana.svg,Ghana,Accra,Africa,Ghana / Gaana / Gana
Greece,Flag_of_Greece.svg,https://upload.wikimedia.org/wikipedia/commons/5/5c/Flag_of_Greece.svg,Greece,Athens,Europe,Hellas / Ellada
Grenada,Flag_of_Grenada.svg,https://upload.wikimedia.org/wikipedia/commons/b/bc/Flag_of_Grenada.svg,Grenada,Saint George's,North America,
Guatemala,Flag_of_Guatemala.svg,https://upload.wikimedia.org/wikipedia/commons/e/ec/Flag_of_Guatemala.svg,Guatemala,Guatemala City,Central America,
Guinea,Flag_of_Guinea.svg,https://upload.wikimedia.org/wikipedia/commons/e/ed/Flag_of_Guinea.svg,Guinea,Conakry,Africa,Guinée / Gine / Gine
Guinea-Bissau,Flag_of_Guinea-Bissau.svg,https://upload.wikimedia.org/wikipedia/commons/0/01/Flag_of_Guinea-Bissau.svg,Guinea-Bissau,Bissau,Africa,Guiné-Bissau
Guyana,Flag_of_Guyana.svg,https://upload.wikimedia.org/wikipedia/commons/9/99/Flag_of_Guyana.svg,Guyana,Georgetown,South America,
Haiti,Flag_of_Haiti.svg,https://upload.wikimedia.org/wikipedia/commons/5/56/Flag_of_Haiti.svg,Haiti,Port-au-Prince,North America,Ayiti
Honduras,Flag_of_Honduras.svg,https://upload.wikimedia.org/wikipedia/commons/8/82/Flag_of_Honduras.svg,Honduras,Tegucigalpa,Central America,
Hungary,Flag_of_Hungary.svg,https://upload.wikimedia.org/wikipedia/commons/c/c1/Flag_of_Hungary.svg,Hungary,Budapest,Europe,Magyarország
Iceland,Flag_of_Iceland.svg,https://upload.wikimedia.org/wikipedia/commons/c/ce/Flag_of_Iceland.svg,Iceland,Reykjavik,Europe,
India,Flag_of_India.svg,https://upload.wikimedia.org/wikipedia/en/4/41/Flag_of_India.svg,India,New Delhi,Asia,Bhārat
Indonesia,Flag_of_Indonesia.svg,https://upload.wikimedia.org/wikipedia/commons/9/9f/Flag_of_Indonesia.svg,Indonesia,Jakarta,Asia,
Iran,Flag_of_Iran.svg,https://upload.wikimedia.org/wikipedia/commons/c/ca/Flag_of_Iran.svg,Iran,Tehran,Asia,
Iraq,Flag_of_Iraq.svg,https://upload.wikimedia.org/wikipedia/commons/f/f6/Flag_of_Iraq.svg,Iraq,Baghdad,Asia,Al-'Iraq
Ireland,Flag_of_Ireland.svg,https://upload.wikimedia.org/wikipedia/commons/4/45/Flag_of_Ireland.svg,Ireland,Dublin,Europe,Éire
Israel,Flag_of_Israel.svg,https://upload.wikimedia.org/wikipedia/commons/d/d4/Flag_of_Israel.svg,Israel,Jerusalem,Asia,Yisra'el / Israʼiyl
Italy,Flag_of_Italy.svg,https://upload.wikimedia.org/wikipedia/en/0/03/Flag_of_Italy.svg,Italy,Rome,Europe,Italia
Ivory Coast,Flag_of_C%C3%B4te_d%27Ivoire.svg,https://upload.wikimedia.org/wikipedia/commons/f/fe/Flag_of_C%C3%B4te_d%27Ivoire.svg,Cote d'Ivoire,Yamoussoukro,Africa,Côte d'Ivoire
Jamaica,Flag_of_Jamaica.svg,https://upload.wikimedia.org/wikipedia/commons/0/0a/Flag_of_Jamaica.svg,Jamaica,Kingston,North America,
Japan,Flag_of_Japan.svg,https://upload.wikimedia.org/wikipedia/en/9/9e/Flag_of_Japan.svg,Japan,Tokyo,Asia,Nihon / Nippon
Jordan,Flag_of_Jordan.svg,https://upload.wikimedia.org/wikipedia/commons/c/c0/Flag_of_Jordan.svg,Jordan,Amman,Asia,Al-’Urdun
Kazakhstan,Flag_of_Kazakhstan.svg,https://upload.wikimedia.org/wikipedia/commons/d/d3/Flag_of_Kazakhstan.svg,Kazakhstan,Astana,Asia,Qazaqstan
Kenya,Flag_of_Kenya.svg,https://upload.wikimedia.org/wikipedia/commons/4/49/Flag_of_Kenya.svg,Kenya,Nairobi,Africa,
Kiribati,Flag_of_Kiribati.svg,https://upload.wikimedia.org/wikipedia/commons/d/d3/Flag_of_Kiribati.svg,Kiribati,Tarawa,Australia,
North Korea,Flag_of_North_Korea.svg,https://upload.wikimedia.org/wikipedia/commons/5/51/Flag_of_North_Korea.svg,North Korea,Pyongyang,Asia,Chosŏn / Bukchosŏn
South Korea,Flag_of_South_Korea.svg,https://upload.wikimedia.org/wikipedia/commons/0/09/Flag_of_South_Korea.svg,South Korea,Seoul,Asia,Hanguk / Namhan
Kuwait,Flag_of_Kuwait.svg,https://upload.wikimedia.org/wikipedia/commons/a/aa/Flag_of_Kuwait.svg,Kuwait,Kuwait City,Asia,Dawlat ul-Kuwayt / il-ikwet
Kyrgyzstan,Flag_of_Kyrgyzstan.svg,https://upload.wikimedia.org/wikipedia/commons/c/c7/Flag_of_Kyrgyzstan.svg,Kyrgyzstan,Bishkek,Asia,Kirgizija
Laos,Flag_of_Laos.svg,https://upload.wikimedia.org/wikipedia/commons/5/56/Flag_of_Laos.svg,Laos,Vientiane,Asia,
Latvia,Flag_of_Latvia.svg,https://upload.wikimedia.org/wikipedia/commons/8/84/Flag_of_Latvia.svg,Latvia,Riga,Europe,
Lebanon,Flag_of_Lebanon.svg,https://upload.wikimedia.org/wikipedia/commons/5/59/Flag_of_Lebanon.svg,Lebanon,Beirut,Asia,
Lesotho,Flag_of_Lesotho.svg,https://upload.wikimedia.org/wikipedia/commons/4/4a/Flag_of_Lesotho.svg,Lesotho,Maseru,Africa,
Liberia,Flag_of_Liberia.svg,https://upload.wikimedia.org/wikipedia/commons/b/b8/Flag_of_Liberia.svg,Liberia,Monrovia,Africa,
Libya,Flag_of_Libya.svg,https://upload.wikimedia.org/wikipedia/commons/0/05/Flag_of_Libya.svg,Libya,Tripoli,Africa,
Liechtenstein,Flag_of_Liechtenstein.svg,https://upload.wikimedia.org/wikipedia/commons/4/47/Flag_of_Liechtenstein.svg,Liechtenstein,Vaduz,Europe,
Lithuania,Flag_of_Lithuania.svg,https://upload.wikimedia.org/wikipedia/commons/1/11/Flag_of_Lithuania.svg,Lithuania,Vilnius,Europe,Lietuva
Luxembourg,Flag_of_Luxembourg.svg,https://upload.wikimedia.org/wikipedia/commons/d/da/Flag_of_Luxembourg.svg,Luxembourg,Luxembourg,Europe,Lëtzebuerg
Macedonia,Flag_of_Macedonia.svg,https://upload.wikimedia.org/wikipedia/commons/f/f8/Flag_of_Macedonia.svg,Macedonia,Skopje,Europe,Severna Makedonija
Madagascar,Flag_of_Madagascar.svg,https://upload.wikimedia.org/wikipedia/commons/b/bc/Flag_of_Madagascar.svg,Madagascar,Antananarivo,Africa,Madagasikara
Malawi,Flag_of_Malawi.svg,https://upload.wikimedia.org/wikipedia/commons/d/d1/Flag_of_Malawi.svg,Malawi,Lilongwe,Africa,Malaŵi
Malaysia,Flag_of_Malaysia.svg,https://upload.wikimedia.org/wikipedia/commons/6/66/Flag_of_Malaysia.svg,Malaysia,Kuala Lumpur,Asia,
Maldives,Flag_of_Maldives.svg,https://upload.wikimedia.org/wikipedia/commons/0/0f/Flag_of_Maldives.svg,Maldives,Male,Asia,Dhivehi Raajje
Mali,Flag_of_Mali.svg,https://upload.wikimedia.org/wikipedia/commons/9/92/Flag_of_Mali.svg,Mali,Bamako,Africa,
Malta,Flag_of_Malta.svg,https://upload.wikimedia.org/wikipedia/commons/7/73/Flag_of_Malta.svg,Malta,Valletta,Europe,
Marshall Islands,Flag_of_the_Marshall_Islands.svg,https://upload.wikimedia.org/wikipedia/commons/2/2e/Flag_of_the_Marshall_Islands.svg,Marshall Islands,Majuro,Australia,Aorōkin M̧ajeļ
Mauritania,Flag_of_Mauritania.svg,https://upload.wikimedia.org/wikipedia/commons/4/43/Flag_of_Mauritania.svg,Mauritania,Nouakchott,Africa,Muritan / Agawec
Mauritius,Flag_of_Mauritius.svg,https://upload.wikimedia.org/wikipedia/commons/7/77/Flag_of_Mauritius.svg,Mauritius,Port Louis,Africa,Maurice / Moris
Mexico,Flag_of_Mexico.svg,https://upload.wikimedia.org/wikipedia/commons/f/fc/Flag_of_Mexico.svg,Mexico,Mexico City,Central America,México / Mēxihco
Federated States of Micronesia,Flag_of_the_Federated_States_of_Micronesia.svg,https://upload.wikimedia.org/wikipedia/commons/e/e4/Flag_of_the_Federated_States_of_Micronesia.svg,Federated States of Micronesia,Palikir,Australia,
Moldova,Flag_of_Moldova.svg,https://upload.wikimedia.org/wikipedia/commons/2/27/Flag_of_Moldova.svg,Moldova,Chisinau,Europe,
Monaco,Flag_of_Monaco.svg,https://upload.wikimedia.org/wikipedia/commons/e/ea/Flag_of_Monaco.svg,Monaco,Monaco,Europe,Múnegu
Mongolia,Flag_of_Mongolia.svg,https://upload.wikimedia.org/wikipedia/commons/4/4c/Flag_of_Mongolia.svg,Mongolia,Ulaanbaatar,Asia,Mongol Uls
Montenegro,Flag_of_Montenegro.svg,https://upload.wikimedia.org/wikipedia/commons/6/64/Flag_of_Montenegro.svg,Montenegro,Podgorica,Europe,Crna Gora
Morocco,Flag_of_Morocco.svg,https://upload.wikimedia.org/wikipedia/commons/2/2c/Flag_of_Morocco.svg,Morocco,Rabat,Africa,Amerruk / Elmeɣrib / Al-maɣréb
Mozambique,Flag_of_Mozambique.svg,https://upload.wikimedia.org/wikipedia/commons/d/d0/Flag_of_Mozambique.svg,Mozambique,Maputo,Africa,Moçambique
Myanmar,Flag_of_Myanmar.svg,https://upload.wikimedia.org/wikipedia/commons/8/8c/Flag_of_Myanmar.svg,Myanmar,Rangoon,Asia,Myanma
Namibia,Flag_of_Namibia.svg,https://upload.wikimedia.org/wikipedia/commons/0/00/Flag_of_Namibia.svg,Namibia,Windhoek,Africa,
Nauru,Flag_of_Nauru.svg,https://upload.wikimedia.org/wikipedia/commons/3/30/Flag_of_Nauru.svg,Nauru,Yaren,Australia,Naoero
Nepal,Flag_of_Nepal.svg,https://upload.wikimedia.org/wikipedia/commons/9/9b/Flag_of_Nepal.svg,Nepal,Kathmandu,Asia,
Netherlands,Flag_of_the_Netherlands.svg,https://upload.wikimedia.org/wikipedia/commons/2/20/Flag_of_the_Netherlands.svg,Netherlands,Amsterdam,Europe,Nederland / Nederlân
New Zealand,Flag_of_New_Zealand.svg,https://upload.wikimedia.org/wikipedia/commons/3/3e/Flag_of_New_Zealand.svg,New Zealand,Wellington,Australia,Aotearoa
Nicaragua,Flag_of_Nicaragua.svg,https://upload.wikimedia.org/wikipedia/commons/1/19/Flag_of_Nicaragua.svg,Nicaragua,Managua,Central America,
Niger,Flag_of_Niger.svg,https://upload.wikimedia.org/wikipedia/commons/f/f4/Flag_of_Niger.svg,Niger,Niamey,Africa,
Nigeria,Flag_of_Nigeria.svg,https://upload.wikimedia.org/wikipedia/commons/7/79/Flag_of_Nigeria.svg,Nigeria,Abuja,Africa,
Norway,Flag_of_Norway.svg,https://upload.wikimedia.org/wikipedia/commons/d/d9/Flag_of_Norway.svg,Norway,Oslo,Europe,Norge / Noreg
Oman,Flag_of_Oman.svg,https://upload.wikimedia.org/wikipedia/commons/d/dd/Flag_of_Oman.svg,Oman,Muscat,Asia,‘Umān
Pakistan,Flag_of_Pakistan.svg,https://upload.wikimedia.org/wikipedia/commons/3/32/Flag_of_Pakistan.svg,Pakistan,Islamabad,Asia,
Palau,Flag_of_Palau.svg,https://upload.wikimedia.org/wikipedia/commons/4/48/Flag_of_Palau.svg,Palau,Melekeok,Australia,Belau
Panama,Flag_of_Panama.svg,https://upload.wikimedia.org/wikipedia/commons/a/ab/Flag_of_Panama.svg,Panama,Panama City,Central America,
Papua New Guinea,Flag_of_Papua_New_Guinea.svg,https://upload.wikimedia.org/wikipedia/commons/e/e3/Flag_of_Papua_New_Guinea.svg,Papua New Guinea,Port Moresby,Australia,
Paraguay,Flag_of_Paraguay.svg,https://upload.wikimedia.org/wikipedia/commons/2/27/Flag_of_Paraguay.svg,Paraguay,Asuncion,South America,
Peru,Flag_of_Peru.svg,https://upload.wikimedia.org/wikipedia/commons/c/cf/Flag_of_Peru.svg,Peru,Lima,South America,Piruw
Philippines,Flag_of_the_Philippines.svg,https://upload.wikimedia.org/wikipedia/commons/9/99/Flag_of_the_Philippines.svg,Philippines,Manila,Asia,Pilipinas
Poland,Flag_of_Poland.svg,https://upload.wikimedia.org/wikipedia/en/1/12/Flag_of_Poland.svg,Poland,Warsaw,Europe,Polska
Portugal,Flag_of_Portugal.svg,https://upload.wikimedia.org/wikipedia/commons/5/5c/Flag_of_Portugal.svg,Portugal,Lisbon,Europe,
Qatar,Flag_of_Qatar.svg,https://upload.wikimedia.org/wikipedia/commons/6/65/Flag_of_Qatar.svg,Qatar,Doha,Asia,
Romania,Flag_of_Romania.svg,https://upload.wikimedia.org/wikipedia/commons/7/73/Flag_of_Romania.svg,Romania,Bucharest,Europe,
Russia,Flag_of_Russia.svg,https://upload.wikimedia.org/wikipedia/en/f/f3/Flag_of_Russia.svg,Russia,Moscow,Europe,
Rwanda,Flag_of_Rwanda.svg,https://upload.wikimedia.org/wikipedia/commons/1/17/Flag_of_Rwanda.svg,Rwanda,Kigali,Africa,
Saint Kitts and Nevis,Flag_of_Saint_Kitts_and_Nevis.svg,https://upload.wikimedia.org/wikipedia/commons/f/fe/Flag_of_Saint_Kitts_and_Nevis.svg,Saint Kitts and Nevis,Basseterre,North America,
Saint Lucia,Flag_of_Saint_Lucia.svg,https://upload.wikimedia.org/wikipedia/commons/9/9f/Flag_of_Saint_Lucia.svg,Saint Lucia,Castries,North America,
Saint Vincent and Grenadines,Flag_of_Saint_Vincent_and_the_Grenadines.svg,https://upload.wikimedia.org/wikipedia/commons/6/6d/Flag_of_Saint_Vincent_and_the_Grenadines.svg,Saint Vincent and the Grenadines,Kingstown,Central America,
Samoa,Flag_of_Samoa.svg,https://upload.wikimedia.org/wikipedia/commons/3/31/Flag_of_Samoa.svg,Samoa,Apia,Australia,
San Marino,Flag_of_San_Marino.svg,https://upload.wikimedia.org/wikipedia/commons/b/b1/Flag_of_San_Marino.svg,San Marino,San Marino,Europe,
Sao Tome and Principe,Flag_of_Sao_Tome_and_Principe.svg,https://upload.wikimedia.org/wikipedia/commons/4/4f/Flag_of_Sao_Tome_and_Principe.svg,Sao Tome and Principe,Sao Tome,Africa,
Saudi Arabia,Flag_of_Saudi_Arabia.svg,https://upload.wikimedia.org/wikipedia/commons/0/0d/Flag_of_Saudi_Arabia.svg,Saudi Arabia,Riyadh,Asia,Al-Mamlaka Al-‘Arabiyyah as Sa‘ūdiyyah
Senegal,Flag_of_Senegal.svg,https://upload.wikimedia.org/wikipedia/commons/f/fd/Flag_of_Senegal.svg,Senegal,Dakar,Africa,
Serbia,Flag_of_Serbia.svg,https://upload.wikimedia.org/wikipedia/commons/f/ff/Flag_of_Serbia.svg,Serbia,Belgrade,Europe,Srbija
Seychelles,Flag_of_Seychelles.svg,https://upload.wikimedia.org/wikipedia/commons/f/fc/Flag_of_Seychelles.svg,Seychelles,Victoria,Africa,Sesel
Sierra Leone,Flag_of_Sierra_Leone.svg,https://upload.wikimedia.org/wikipedia/commons/1/17/Flag_of_Sierra_Leone.svg,Sierra Leone,Freetown,Africa,
Singapore,Flag_of_Singapore.svg,https://upload.wikimedia.org/wikipedia/commons/4/48/Flag_of_Singapore.svg,Singapore,Singapore,Asia,Singapura / Xīnjiāpō
Slovakia,Flag_of_Slovakia.svg,https://upload.wikimedia.org/wikipedia/commons/e/e6/Flag_of_Slovakia.svg,Slovakia,Bratislava,Europe,Slovensko
Slovenia,Flag_of_Slovenia.svg,https://upload.wikimedia.org/wikipedia/commons/f/f0/Flag_of_Slovenia.svg,Slovenia,Ljubljana,Europe,
Solomon Islands,Flag_of_the_Solomon_Islands.svg,https://upload.wikimedia.org/wikipedia/commons/7/74/Flag_of_the_Solomon_Islands.svg,Solomon Islands,Honiara,Australia,Solomon Aelan
Somalia,Flag_of_Somalia.svg,https://upload.wikimedia.org/wikipedia/commons/a/a0/Flag_of_Somalia.svg,Somalia,Mogadishu,Africa,aş-Şūmāl
South Africa,Flag_of_South_Africa.svg,https://upload.wikimedia.org/wikipedia/commons/a/af/Flag_of_South_Africa.svg,South Africa,Pretoria,Africa,
South Sudan,Flag_of_South_Sudan.svg,https://upload.wikimedia.org/wikipedia/commons/7/7a/Flag_of_South_Sudan.svg,South Sudan,Juba,Africa,Sudan Kusini / Paguot Thudän
Spain,Flag_of_Spain.svg,https://upload.wikimedia.org/wikipedia/en/9/9a/Flag_of_Spain.svg,Spain,Madrid,Europe,España / Espanya
Sri Lanka,Flag_of_Sri_Lanka.svg,https://upload.wikimedia.org/wikipedia/commons/1/11/Flag_of_Sri_Lanka.svg,Sri Lanka,Colombo,Asia,
Sudan,Flag_of_Sudan.svg,https://upload.wikimedia.org/wikipedia/commons/0/01/Flag_of_Sudan.svg,Sudan,Khartoum,Africa,As-Sudan
Suriname,Flag_of_Suriname.svg,https://upload.wikimedia.org/wikipedia/commons/6/60/Flag_of_Suriname.svg,Suriname,Paramaribo,South America,
Sweden,Flag_of_Sweden.svg,https://upload.wikimedia.org/wikipedia/en/4/4c/Flag_of_Sweden.svg,Sweden,Stockholm,Europe,Sverige
Switzerland,Flag_of_Switzerland_%28Pantone%29.svg,https://upload.wikimedia.org/wikipedia/commons/0/08/Flag_of_Switzerland_%28Pantone%29.svg,Switzerland,Bern,Europe,Schweiz / Suisse / Svizzera / Svizra
Syria,Flag_of_Syria.svg,https://upload.wikimedia.org/wikipedia/commons/5/53/Flag_of_Syria.svg,Syria,Damascus,Asia,
Tajikistan,Flag_of_Tajikistan.svg,https://upload.wikimedia.org/wikipedia/commons/d/d0/Flag_of_Tajikistan.svg,Tajikistan,Dushanbe,Asia,
Tanzania,Flag_of_Tanzania.svg,https://upload.wikimedia.org/wikipedia/commons/3/38/Flag_of_Tanzania.svg,Tanzania,Dar es Salaam,Africa,
Thailand,Flag_of_Thailand.svg,https://upload.wikimedia.org/wikipedia/commons/a/a9/Flag_of_Thailand.svg,Thailand,Bangkok,Asia,
Togo,Flag_of_Togo.svg,https://upload.wikimedia.org/wikipedia/commons/6/68/Flag_of_Togo.svg,Togo,Lome,Africa,
Tonga,Flag_of_Tonga.svg,https://upload.wikimedia.org/wikipedia/commons/9/9a/Flag_of_Tonga.svg,Tonga,Nuku'alofa,Australia,
Trinidad and Tobago,Flag_of_Trinidad_and_Tobago.svg,https://upload.wikimedia.org/wikipedia/commons/6/64/Flag_of_Trinidad_and_Tobago.svg,Trinidad and Tobago,Port of Spain,North America,
Tunisia,Flag_of_Tunisia.svg,https://upload.wikimedia.org/wikipedia/commons/c/ce/Flag_of_Tunisia.svg,Tunisia,Tunis,Africa,Tunes / Tūns
Turkey,Flag_of_Turkey.svg,https://upload.wikimedia.org/wikipedia/commons/b/b4/Flag_of_Turkey.svg,Turkey,Ankara,Europe,
Turkmenistan,Flag_of_Turkmenistan.svg,https://upload.wikimedia.org/wikipedia/commons/1/1b/Flag_of_Turkmenistan.svg,Turkmenistan,Ashgabat,Asia,
Tuvalu,Flag_of_Tuvalu.svg,https://upload.wikimedia.org/wikipedia/commons/3/38/Flag_of_Tuvalu.svg,Tuvalu,Funafuti,Australia,
Uganda,Flag_of_Uganda.svg,https://upload.wikimedia.org/wikipedia/commons/4/4e/Flag_of_Uganda.svg,Uganda,Kampala,Africa,
Ukraine,Flag_of_Ukraine.svg,https://upload.wikimedia.org/wikipedia/commons/4/49/Flag_of_Ukraine.svg,Ukraine,Kyiv,Europe,
United Arab Emirates,Flag_of_the_United_Arab_Emirates.svg,https://upload.wikimedia.org/wikipedia/commons/c/cb/Flag_of_the_United_Arab_Emirates.svg,United Arab Emirates,Abu Dhabi,Asia,Al-’Imārat Al-‘Arabiyyah Al-Muttaḥidah
United Kingdom,Flag_of_the_United_Kingdom.svg,https://upload.wikimedia.org/wikipedia/en/a/ae/Flag_of_the_United_Kingdom.svg,United Kingdom,London,Europe,
United States,Flag_of_the_United_States.svg,https://upload.wikimedia.org/wikipedia/en/a/a4/Flag_of_the_United_States.svg,United States,Washington,US,
Uruguay,Flag_of_Uruguay.svg,https://upload.wikimedia.org/wikipedia/commons/f/fe/Flag_of_Uruguay.svg,Uruguay,Montevideo,South America,
Uzbekistan,Flag_of_Uzbekistan.svg,https://upload.wikimedia.org/wikipedia/commons/8/84/Flag_of_Uzbekistan.svg,Uzbekistan,Tashkent,Asia,
Vanuatu,Flag_of_Vanuatu.svg,https://upload.wikimedia.org/wikipedia/commons/b/bc/Flag_of_Vanuatu.svg,Vanuatu,Port-Vila,Australia,
Venezuela,Flag_of_Venezuela.svg,https://upload.wikimedia.org/wikipedia/commons/0/06/Flag_of_Venezuela.svg,Venezuela,Caracas,South America,
Vietnam,Flag_of_Vietnam.svg,https://upload.wikimedia.org/wikipedia/commons/2/21/Flag_of_Vietnam.svg,Vietnam,Hanoi,Asia,
Yemen,Flag_of_Yemen.svg,https://upload.wikimedia.org/wikipedia/commons/8/89/Flag_of_Yemen.svg,Yemen,Sanaa,Asia,Al-Yaman
Zambia,Flag_of_Zambia.svg,https://upload.wikimedia.org/wikipedia/commons/0/06/Flag_of_Zambia.svg,Zambia,Lusaka,Africa,
Zimbabwe,Flag_of_Zimbabwe.svg,https://upload.wikimedia.org/wikipedia/commons/6/6a/Flag_of_Zimbabwe.svg,Zimbabwe,Harare,Africa,
